"*ğŸ‡¬ğŸ‡§ English*", "07/25/2024 5:08 PM"
"*ğŸ‡®ğŸ‡¹ Italian*", "25/07/2024 17:08"
"*ğŸ‡¨ğŸ‡³ Chinese*", "2024/07/25 17:08"
"*ğŸ‡³ğŸ‡± Dutch*", "25-07-2024 17:08"
"*ğŸ‡©ğŸ‡ª German*", "25.07.2024 17:08"
"*ğŸ‡®ğŸ‡³ Hindi*", "à¥¨à¥«/à¥¦à¥­/à¥¨à¥¦à¥¨à¥ª à¤¶à¤¾à¤® à¥«:à¥§à¥© à¤¬à¤œà¥‡"
"*ğŸ‡¯ğŸ‡µ Japanese*", "2024/07/25 17:08"
"*ğŸ‡µğŸ‡¹ Portuguese*", "25/07/2024 17:08"
"*ğŸ‡µğŸ‡± Polish*", "25/07/2024 17:08"
"*ğŸ‡§ğŸ‡· Portuguese (Brasil)*", "25/07/2024 17:08"
"*ğŸ‡·ğŸ‡´ Romanian*", "25.07.2024 17:08"
"*ğŸ‡·ğŸ‡º Russian*", "25.07.2024 17:08"
"*ğŸ‡ªğŸ‡¸ Spanish*", "25/07/2024 17:08"
"*ğŸ‡¹ğŸ‡­ Thai*", "25/07/2024 17:08"
"*ğŸ‡¹ğŸ‡· Turkish*", "25.07.2024 17:08"
"*ğŸ‡«ğŸ‡· French*", "25/07/2024 17:08"
"*ğŸ‡»ğŸ‡³ Vietnamese*", "25/07/2024 17:08"

